<?xml version="1.0" encoding="UTF-8"?>
<?xml-stylesheet type="text/xsl" href="WorkersToPdf.xsl" ?>
<workers>
    <worker>
        <id>1</id>
        <name>John Doe</name>
        <position>
            <title>Software Engineer</title>
            <department>Engineering</department>
        </position>
        <email>john.doe@example.com</email>
        <phone>+1234567890</phone>
        <address>
            <street>123 Elm Street</street>
            <city>Springfield</city>
            <state>IL</state>
            <zip>62701</zip>
        </address>
        <dateOfBirth>1985-01-15</dateOfBirth>
        <salary>100000</salary>
    </worker>
    <worker>
        <id>2</id>
        <name>Jane Smith</name>
        <position>
            <title>Project Manager</title>
            <department>Project Management</department>
        </position>
        <email>jane.smith@example.com</email>
        <phone>+0987654321</phone>
        <address>
            <street>456 Oak Street</street>
            <city>Metropolis</city>
            <state>NY</state>
            <zip>10001</zip>
        </address>
        <dateOfBirth>1990-05-23</dateOfBirth>
        <salary>90000</salary>
    </worker>
    <worker>
        <id>3</id>
        <name>Alice Johnson</name>
        <position>
            <title>Data Scientist</title>
            <department>Data Analytics</department>
        </position>
        <email>alice.johnson@example.com</email>
        <phone>+11234567890</phone>
        <address>
            <street>789 Maple Street</street>
            <city>River City</city>
            <state>CA</state>
            <zip>90210</zip>
        </address>
        <dateOfBirth>1988-03-12</dateOfBirth>
        <salary>110000</salary>
    </worker>
    <worker>
        <id>4</id>
        <name>Bob Brown</name>
        <position>
            <title>Network Engineer</title>
            <department>IT</department>
        </position>
        <email>bob.brown@example.com</email>
        <phone>+10987654321</phone>
        <address>
            <street>321 Pine Street</street>
            <city>Gotham</city>
            <state>NJ</state>
            <zip>07001</zip>
        </address>
        <dateOfBirth>1982-11-20</dateOfBirth>
        <salary>95000</salary>
    </worker>
    <worker>
        <id>5</id>
        <name>Charlie Davis</name>
        <position>
            <title>HR Manager</title>
            <department>Human Resources</department>
        </position>
        <email>charlie.davis@example.com</email>
        <phone>+1234509876</phone>
        <address>
            <street>654 Birch Street</street>
            <city>Star City</city>
            <state>TX</state>
            <zip>73301</zip>
        </address>
        <dateOfBirth>1975-08-15</dateOfBirth>
        <salary>85000</salary>
    </worker>
    <worker>
        <id>6</id>
        <name>Donna Evans</name>
        <position>
            <title>Marketing Specialist</title>
            <department>Marketing</department>
        </position>
        <email>donna.evans@example.com</email>
        <phone>+12223334444</phone>
        <address>
            <street>987 Cedar Street</street>
            <city>Central City</city>
            <state>OH</state>
            <zip>44101</zip>
        </address>
        <dateOfBirth>1992-02-10</dateOfBirth>
        <salary>78000</salary>
    </worker>
    <worker>
        <id>7</id>
        <name>Edward Franklin</name>
        <position>
            <title>Finance Analyst</title>
            <department>Finance</department>
        </position>
        <email>edward.franklin@example.com</email>
        <phone>+14445556666</phone>
        <address>
            <street>1010 Walnut Street</street>
            <city>Liberty City</city>
            <state>FL</state>
            <zip>33101</zip>
        </address>
        <dateOfBirth>1980-07-07</dateOfBirth>
        <salary>89000</salary>
    </worker>
    <worker>
        <id>8</id>
        <name>Fiona Green</name>
        <position>
            <title>Customer Support</title>
            <department>Customer Service</department>
        </position>
        <email>fiona.green@example.com</email>
        <phone>+15556667777</phone>
        <address>
            <street>1111 Poplar Street</street>
            <city>Sunnydale</city>
            <state>CA</state>
            <zip>94086</zip>
        </address>
        <dateOfBirth>1995-04-22</dateOfBirth>
        <salary>60000</salary>
    </worker>
    <worker>
        <id>9</id>
        <name>George Harris</name>
        <position>
            <title>Quality Assurance</title>
            <department>Quality</department>
        </position>
        <email>george.harris@example.com</email>
        <phone>+16667778888</phone>
        <address>
            <street>1212 Spruce Street</street>
            <city>Hill Valley</city>
            <state>CA</state>
            <zip>90201</zip>
        </address>
        <dateOfBirth>1986-09-14</dateOfBirth>
        <salary>73000</salary>
    </worker>
    <worker>
        <id>10</id>
        <name>Hannah Ingram</name>
        <position>
            <title>Operations Manager</title>
            <department>Operations</department>
        </position>
        <email>hannah.ingram@example.com</email>
        <phone>+17778889999</phone>
        <address>
            <street>1313 Fir Street</street>
            <city>Bay City</city>
            <state>WA</state>
            <zip>98101</zip>
        </address>
        <dateOfBirth>1978-12-05</dateOfBirth>
        <salary>95000</salary>
    </worker>
    <worker>
        <id>11</id>
        <name>Ian Jacobs</name>
        <position>
            <title>Graphic Designer</title>
            <department>Design</department>
        </position>
        <email>ian.jacobs@example.com</email>
        <phone>+18889990000</phone>
        <address>
            <street>1414 Redwood Street</street>
            <city>Pleasantville</city>
            <state>OR</state>
            <zip>97201</zip>
        </address>
        <dateOfBirth>1991-06-30</dateOfBirth>
        <salary>67000</salary>
    </worker>
    <worker>
        <id>12</id>
        <name>Julia King</name>
        <position>
            <title>Content Writer</title>
            <department>Content</department>
        </position>
        <email>julia.king@example.com</email>
        <phone>+19990001111</phone>
        <address>
            <street>1515 Palm Street</street>
            <city>Riverside</city>
            <state>CA</state>
            <zip>92501</zip>
        </address>
        <dateOfBirth>1987-10-18</dateOfBirth>
        <salary>64000</salary>
    </worker>
    <worker>
        <id>13</id>
        <name>Kevin Lee</name>
        <position>
            <title>Database Administrator</title>
            <department>IT</department>
        </position>
        <email>kevin.lee@example.com</email>
        <phone>+21112223333</phone>
        <address>
            <street>1616 Willow Street</street>
            <city>Smallville</city>
            <state>KS</state>
            <zip>66002</zip>
        </address>
        <dateOfBirth>1984-01-27</dateOfBirth>
        <salary>85000</salary>
    </worker>
    <worker>
        <id>14</id>
        <name>Laura Martinez</name>
        <position>
            <title>SEO Specialist</title>
            <department>Marketing</department>
        </position>
        <email>laura.martinez@example.com</email>
        <phone>+22223334444</phone>
        <address>
            <street>1717 Aspen Street</street>
            <city>Elk Grove</city>
            <state>CA</state>
            <zip>95624</zip>
        </address>
        <dateOfBirth>1993-05-09</dateOfBirth>
        <salary>72000</salary>
    </worker>
    <worker>
        <id>15</id>
        <name>Michael Nelson</name>
        <position>
            <title>Product Manager</title>
            <department>Product</department>
        </position>
        <email>michael.nelson@example.com</email>
        <phone>+23334445555</phone>
        <address>
            <street>1818 Cypress Street</street>
            <city>Bedford Falls</city>
            <state>NY</state>
            <zip>10502</zip>
        </address>
        <dateOfBirth>1983-08-03</dateOfBirth>
        <salary>93000</salary>
    </worker>
    <worker>
        <id>16</id>
        <name>Nancy Owens</name>
        <position>
            <title>Legal Advisor</title>
            <department>Legal</department>
        </position>
        <email>nancy.owens@example.com</email>
        <phone>+24445556666</phone>
        <address>
            <street>1919 Magnolia Street</street>
            <city>Capitol City</city>
            <state>DC</state>
            <zip>20001</zip>
        </address>
        <dateOfBirth>1979-03-11</dateOfBirth>
        <salary>120000</salary>
    </worker>
    <worker>
        <id>17</id>
        <name>Oliver Parker</name>
        <position>
            <title>Systems Analyst</title>
            <department>IT</department>
        </position>
        <email>oliver.parker@example.com</email>
        <phone>+25556667777</phone>
        <address>
            <street>2020 Birch Street</street>
            <city>Woodland</city>
            <state>CA</state>
            <zip>95695</zip>
        </address>
        <dateOfBirth>1985-12-17</dateOfBirth>
        <salary>89000</salary>
    </worker>
    <worker>
        <id>18</id>
        <name>Patricia Quinn</name>
        <position>
            <title>Training Coordinator</title>
            <department>Training</department>
        </position>
        <email>patricia.quinn@example.com</email>
        <phone>+26667778888</phone>
        <address>
            <street>2121 Dogwood Street</street>
            <city>Springdale</city>
            <state>AR</state>
            <zip>72764</zip>
        </address>
        <dateOfBirth>1994-07-29</dateOfBirth>
        <salary>68000</salary>
    </worker>
    <worker>
        <id>19</id>
        <name>Quentin Richards</name>
        <position>
            <title>Business Analyst</title>
            <department>Business Analysis</department>
        </position>
        <email>quentin.richards@example.com</email>
        <phone>+27778889999</phone>
        <address>
            <street>2222 Chestnut Street</street>
            <city>Hawkins</city>
            <state>IN</state>
            <zip>46001</zip>
        </address>
        <dateOfBirth>1988-04-25</dateOfBirth>
        <salary>92000</salary>
    </worker>
    <worker>
        <id>20</id>
        <name>Rachel Scott</name>
        <position>
            <title>Executive Assistant</title>
            <department>Administration</department>
        </position>
        <email>rachel.scott@example.com</email>
        <phone>+28889990000</phone>
        <address>
            <street>2323 Elmwood Street</street>
            <city>Clarksburg</city>
            <state>WV</state>
            <zip>26301</zip>
        </address>
        <dateOfBirth>1990-11-08</dateOfBirth>
        <salary>74000</salary>
    </worker>
</workers>
