<?xml version="1.0" encoding="UTF-8"?>
<con:soapui-project id="f1016192-3c18-466d-bd68-2a334b629f70" activeEnvironment="Default" name="REST Project 1" resourceRoot="" soapui-version="5.7.2" xmlns:con="http://eviware.com/soapui/config"><con:settings><con:setting id="com.smartbear.swagger.ExportSwaggerAction$FormBase Path">/api</con:setting><con:setting id="com.smartbear.swagger.ExportSwaggerAction$FormTarget File">C:\Users\s046888\Desktop\Swagger\api-openapi.json</con:setting><con:setting id="com.smartbear.swagger.ExportSwaggerAction$FormFormat">json</con:setting><con:setting id="com.smartbear.swagger.ExportSwaggerAction$FormAPI Version">Swagger 2.0</con:setting><con:setting id="com.smartbear.swagger.ExportSwaggerAction$FormSwagger Version">Swagger 2.0</con:setting></con:settings><con:interface xsi:type="con:RestService" id="f5f018aa-35ec-430f-a5da-552f4b215078" wadlVersion="http://wadl.dev.java.net/2009/02" name="" type="rest" xmlns:xsi="http://www.w3.org/2001/XMLSchema-instance"><con:settings/><con:definitionCache/><con:endpoints/><con:resource name="Workers API Project" path="/api/workers" id="81682be3-7437-498a-96ba-631fae6bee52"><con:settings/><con:parameters/><con:method name="Workers API Project 1" id="a5bac699-e6e4-4b68-b1a3-baeec6d83696" method="POST"><con:settings/><con:parameters/><con:representation type="FAULT"><con:mediaType xsi:nil="true"/><con:status>400</con:status><con:params/><con:element>data</con:element></con:representation><con:representation type="REQUEST"><con:mediaType>application/json</con:mediaType><con:params/></con:representation><con:representation type="FAULT"><con:mediaType xsi:nil="true"/><con:status>400</con:status><con:params/><con:element>data</con:element></con:representation></con:method></con:resource></con:interface><con:interface xsi:type="con:RestService" id="1e1c2fc1-2579-419e-a012-93107344d781" wadlVersion="http://wadl.dev.java.net/2009/02" name="http://localhost:8081" type="rest" xmlns:xsi="http://www.w3.org/2001/XMLSchema-instance"><con:settings/><con:definitionCache/><con:endpoints><con:endpoint>http://localhost:8081</con:endpoint></con:endpoints><con:resource name="Workers" path="/api/workers" id="d6415b35-6ee1-445a-945d-03fe6aed705d"><con:settings/><con:parameters/><con:method name="Workers 1" id="3f387760-1149-4f46-a1cc-c10014ec62a5" method="GET"><con:settings/><con:parameters/><con:representation type="RESPONSE"><con:mediaType>application/json</con:mediaType><con:status>200</con:status><con:params/><con:element>Response</con:element></con:representation><con:request name="GET" id="b9d59b93-ca60-48c3-b5b4-331e40d376a1" mediaType="application/json"><con:settings><con:setting id="com.eviware.soapui.impl.wsdl.WsdlRequest@request-headers">&lt;xml-fragment/></con:setting></con:settings><con:endpoint>http://localhost:8081</con:endpoint><con:request/><con:originalUri>http://localhost/api/workers</con:originalUri><con:credentials><con:authType>No Authorization</con:authType></con:credentials><con:jmsConfig JMSDeliveryMode="PERSISTENT"/><con:jmsPropertyConfig/><con:parameters/></con:request></con:method></con:resource></con:interface><con:interface xsi:type="con:RestService" id="bb375a14-e5bf-4568-a9f4-decfc4ac2936" wadlVersion="http://wadl.dev.java.net/2009/02" name="http://localhost:8081" type="rest" xmlns:xsi="http://www.w3.org/2001/XMLSchema-instance"><con:settings/><con:definitionCache/><con:endpoints><con:endpoint>http://localhost:8081</con:endpoint></con:endpoints><con:resource name="Workers" path="/api/workers" id="f39c8e02-694a-459b-8bc0-c6fff63959a2"><con:settings/><con:parameters/><con:method name="Workers 1" id="d379937c-b745-44a7-bfe7-aa0e430cdeb8" method="POST"><con:settings/><con:parameters/><con:representation type="RESPONSE"><con:mediaType>application/json</con:mediaType><con:status>200</con:status><con:params/><con:element xmlns:wor="http://localhost/api/workers">wor:Response</con:element></con:representation><con:representation type="REQUEST"><con:mediaType>application/json</con:mediaType><con:params/></con:representation><con:request name="POST" id="a108827f-4be2-41bf-a648-9ca47d34572b" mediaType="application/json" postQueryString="false"><con:settings><con:setting id="com.eviware.soapui.impl.wsdl.WsdlRequest@request-headers">&lt;entry key="Content-Type" value="application/json" xmlns="http://eviware.com/soapui/config"/></con:setting></con:settings><con:endpoint>http://localhost:8081</con:endpoint><con:request>{
    "id":3 ,
    "name": "New Worker",
    "position": {
        "title": "Intern",
        "department": "HR"
    }
}
</con:request><con:originalUri>http://localhost/api/workers</con:originalUri><con:credentials><con:authType>No Authorization</con:authType></con:credentials><con:jmsConfig JMSDeliveryMode="PERSISTENT"/><con:jmsPropertyConfig/><con:parameters/></con:request></con:method></con:resource></con:interface><con:interface xsi:type="con:RestService" id="d7a24570-5c3a-4e72-bc14-bd4d8583d763" wadlVersion="http://wadl.dev.java.net/2009/02" name="http://localhost:8081" type="rest" xmlns:xsi="http://www.w3.org/2001/XMLSchema-instance"><con:settings/><con:definitionCache/><con:endpoints><con:endpoint>http://localhost:8081</con:endpoint></con:endpoints><con:resource name="3" path="/api/workers/3" id="df9d05ec-ed12-475a-8604-727d5d03792e"><con:settings/><con:parameters/><con:method name="3 1" id="36dd7edf-5010-47a4-8f2b-e8223305e194" method="PUT"><con:settings/><con:parameters/><con:representation type="REQUEST"><con:mediaType>application/json</con:mediaType><con:params/></con:representation><con:representation type="RESPONSE"><con:mediaType>application/json</con:mediaType><con:status>200</con:status><con:params/><con:element xmlns:ns="http://localhost/api/workers/3">ns:Response</con:element></con:representation><con:request name="PUT" id="6e488a47-8a9b-48c2-ad70-bf834945b942" mediaType="application/json" postQueryString="false"><con:settings><con:setting id="com.eviware.soapui.impl.wsdl.WsdlRequest@request-headers">&lt;entry key="Content-Type" value="application/json" xmlns="http://eviware.com/soapui/config"/></con:setting></con:settings><con:endpoint>http://localhost:8081</con:endpoint><con:request>{
    "id": 3,
    "name": "Updated Worker",
    "position": {
        "title": "Senior Intern",
        "department": "HR"
    }
}
</con:request><con:originalUri>http://localhost/api/workers/3</con:originalUri><con:credentials><con:authType>No Authorization</con:authType></con:credentials><con:jmsConfig JMSDeliveryMode="PERSISTENT"/><con:jmsPropertyConfig/><con:parameters/></con:request></con:method></con:resource></con:interface><con:interface xsi:type="con:RestService" id="e24c3dee-df73-486a-adc0-2dfe8654b466" wadlVersion="http://wadl.dev.java.net/2009/02" name="http://localhost:8081" type="rest" xmlns:xsi="http://www.w3.org/2001/XMLSchema-instance"><con:settings/><con:definitionCache/><con:endpoints><con:endpoint>http://localhost:8081</con:endpoint></con:endpoints><con:resource name="3" path="/api/workers/3" id="a8261e0d-21ea-4adb-9df9-1a1ce63e4e15"><con:settings/><con:parameters/><con:method name="3 1" id="efa49222-1945-4de2-bbc7-7914f0808ded" method="DELETE"><con:settings/><con:parameters/><con:representation type="REQUEST"><con:mediaType>application/json</con:mediaType><con:params/></con:representation><con:representation type="RESPONSE"><con:mediaType>application/json</con:mediaType><con:status>200</con:status><con:params/><con:element xmlns:ns="http://localhost/api/workers/3">ns:Response</con:element></con:representation><con:request name="DELETE" id="5f589340-95b2-4512-b778-a42eecd3eaa5" mediaType="application/json" postQueryString="false"><con:settings><con:setting id="com.eviware.soapui.impl.wsdl.WsdlRequest@request-headers">&lt;xml-fragment/></con:setting></con:settings><con:endpoint>http://localhost:8081</con:endpoint><con:request/><con:originalUri>http://localhost/api/workers/3</con:originalUri><con:credentials><con:authType>No Authorization</con:authType></con:credentials><con:jmsConfig JMSDeliveryMode="PERSISTENT"/><con:jmsPropertyConfig/><con:parameters/></con:request></con:method></con:resource></con:interface><con:properties/><con:wssContainer/><con:oAuth2ProfileContainer/><con:oAuth1ProfileContainer/></con:soapui-project>